,40,收规划协同
0,67,你在床边了四十五区
1,87,非让晚安
2,65,10分钟冲凉
3,84,陆哥过生日的路子错了
4,66,去哪玩
5,91,人生充满了起起落落关键在于在顶端时好好享受在低谷时不失勇气
6,41,朋友推荐
7,13,怎么相互给朋友打晚安
8,63,一个专利完成
9,9,小来不会英语吗?不科学啊/:wipe
10,23,手机尾号306是什么
11,11,你真不会
12,38,女的小仙女或者男的干净整洁那种
13,36,习惯了觉得半途而废白坚持那么久了。团队里大家都坚持打卡了。然后好玩[Facepalm][Facepalm][Facepalm]万一有啥有意思的活动还能想着我点
14,20,会唱追光者吗
15,70,五粮液多少钱
16,99,摸我
17,8,帮嘉仪找注册地址
18,4,I don't like you. I don't love you anymore
19,69,开荒保洁
20,68,西游记
21,76,10分钟睡觉
22,73,一个人最大的破产是绝望
23,79,20170315起名拿款 8726元
24,60,没有不成就人的行业
25,92,给我发一张就早安那个啊
26,0,广发5100 中国1900
27,18,你知道男人的寂寞吗
28,80,人生最美的风景永远在前方
29,83,听你说这是我应该做的
30,59,I love you more than myself
31,17,你要我反馈什么问题呢
32,5,"""【fittime"
33,19,咖啡送去哪里啦
34,24,306代表什么
35,6,取消晚安
36,72,你帮我买铅笔和签字笔
37,77,你知道怎么学硫酸
38,95,断了
39,89,个人也有奖励吗
40,15,就是想知道
41,93,不要这相片
42,27,养成健康的生活方式
43,52,请问您有什么问题要问呢
44,50,"""https://appweb.lizhi.fm/live/share?liveId=2657543012307697206"
45,46,你们应该有很多好玩的活动吧
46,62,给我说骚话
47,21,怎么订票
48,14,说的是我媳妇 马钰凤
49,49,请问您有什么问题要问呢
50,58,小来是不是没有了
51,100,那段豆豆巴士是大纲
52,2,接着要统计收费情况已经交费的要喷几号
53,85,我还可以继续麻烦你吗?因为还有好多事情
54,61,跑步 第一天 坚持
55,25,用冻鸡鸡不鸡
56,16,你喜欢大的还是小的
57,86,怎么才可以在网上借得钱
58,56,挂了
59,12,Do you is only love
60,75,醒了。在睡
61,64,要开发票哦
62,10,你真不会
63,88,我想丰盛而热烈地活着 从未孤独也无失望 早
64,29,说一些好话
65,54,woc你大爷的啊
66,26,用冻鸡鸡不鸡
67,71,他睡的好早
68,47,你能帮我写作业吗
69,28,和微商没区别
70,7,不要讨厌逆境
71,55,挂了
72,53,距离会计中级考试还有多少天
73,43,那个健身减肥的好用麼
74,51,娃醒了 不得不醒
75,22,定时接收
76,57,记得多喝水
77,48,my love is infinite for you
78,34,真人服务多久有
79,1,好梦( ω )
80,98,看来你是不是一块去了?哈哈哈哈
81,74,你知道怎么学硫酸
82,44,暖男( ω )
83,42,星座分析吸引人
84,31,督促自己早起
85,30,什么时候下雨
86,90,快来签到
87,3,减肥咨询群
88,32,石家庄限行新规
89,33,没有用过别的 朋友推荐说的挺好 就用了
90,35,喜欢来也的星座运势
91,37,吃早饭对身体好
92,39,温柔且文艺的女孩吧
93,45,你们应该有很多好玩的活动吧
94,78,上间绫的内陆段行李
95,81,把钱
96,82,到时候再找你
97,94,我要做相片啊里嘎都勒啊
98,96,来也停止工作了吗
99,97,不好 一夜没睡[偷笑]
